{"objects":[{"name":"new object","position":[-9.35575008392334E0,3.531280279159546E0,3.531280279159546E0],"angle":[0E0,0E0,0E0]},{"name":"new object","position":[-9.666711807250977E0,0E0,2.560211658477783E0],"angle":[0E0,0E0,0E0]},{"name":"new object","position":[9.971624374389648E0,-7.527955770492554E-1,7.527955770492554E-1],"angle":[0E0,0E0,0E0]},{"name":"new object","position":[0E0,0E0,0E0],"angle":[0E0,0E0,0E0]}]}